ID,predictions
0,33211.6484375
1,15119.912109375
2,13886.3564453125
3,33620.953125
4,13595.322265625
5,33621.0390625
6,33565.8984375
7,33625.171875
8,13034.9951171875
9,33493.484375
10,33618.01171875
11,33628.8046875
12,33628.859375
13,33601.1953125
14,33618.9140625
15,33629.5
16,33619.20703125
17,13195.9638671875
18,33623.234375
19,33628.65234375
20,2512.2705078125
21,33610.5234375
22,33628.46875
23,33378.48828125
24,33622.8359375
25,33584.59375
26,33619.6328125
27,33629.8125
28,33629.5859375
29,33606.39453125
30,33615.63671875
31,3182.74365234375
32,19146.78125
33,33616.0234375
34,33627.3671875
35,3292.091796875
36,33621.59375
37,32898.28125
38,2850.14697265625
39,33618.390625
40,33622.28125
41,2865.37109375
42,33616.40625
43,26582.439453125
44,33621.3515625
45,11032.1806640625
46,15268.8056640625
47,8466.162109375
48,2820.26171875
49,11366.4140625
50,14210.2060546875
51,32909.828125
52,15452.955078125
53,33619.1875
54,13357.3720703125
55,33615.9609375
56,33629.0234375
57,32925.92578125
58,33627.6328125
59,33629.5
60,33622.09375
61,33621.7578125
62,33619.27734375
63,9837.3271484375
64,33627.92578125
65,2568.725341796875
66,33619.0390625
67,33629.359375
68,33566.8203125
69,33565.046875
70,33630.04296875
71,33577.5390625
72,28461.865234375
73,33621.890625
74,33474.625
75,33618.02734375
76,13045.5498046875
77,6085.5498046875
78,31243.916015625
79,33627.328125
80,32564.177734375
81,3948.1845703125
82,4808.47265625
83,33625.0078125
84,33622.265625
85,33618.3671875
86,3100.828369140625
87,14925.0966796875
88,14464.0224609375
89,16904.232421875
90,33577.84375
91,33478.84765625
92,33628.1171875
93,33618.93359375
94,33629.91015625
95,33621.9609375
96,33629.65625
97,7897.92333984375
98,4985.642578125
99,7804.21044921875
100,2821.198486328125
101,33619.7421875
102,33620.56640625
103,33616.17578125
104,33620.484375
105,3975.5234375
106,15731.9677734375
107,33628.5703125
108,33629.62890625
109,2604.4208984375
110,33620.140625
111,33628.8046875
112,33620.3671875
113,33604.6953125
114,33630.34375
115,33610.98046875
116,33628.76953125
117,33489.29296875
118,33626.87890625
119,33620.34765625
120,33620.64453125
121,4400.6171875
122,15568.0244140625
123,33629.0703125
124,33614.21484375
125,12143.1796875
126,33617.24609375
127,33622.2109375
128,16968.580078125
129,4473.78515625
130,14737.9345703125
131,33630.2421875
132,33619.703125
133,2885.43701171875
134,13741.8720703125
135,33620.3828125
136,33615.6328125
137,33627.90234375
138,3230.03515625
139,2507.3388671875
140,33389.4140625
141,5891.2373046875
142,33613.06640625
143,33566.921875
144,28356.412109375
145,33629.53515625
146,33598.671875
147,33606.5
148,33627.94921875
149,33564.6875
150,33619.546875
151,33562.234375
152,5538.95361328125
153,3019.41650390625
154,15925.8173828125
155,33605.53125
156,3098.96142578125
157,33619.765625
158,3216.782958984375
159,6992.2431640625
160,33625.2421875
161,33618.2109375
162,14204.9033203125
163,7966.57568359375
164,2972.713623046875
165,33630.55859375
166,33622.73046875
167,6327.13134765625
168,33628.70703125
169,33605.9375
170,24012.087890625
171,33625.109375
172,33620.7109375
173,16746.125
174,3515.152587890625
175,2859.944580078125
176,33616.8984375
177,32393.95703125
178,2499.93896484375
179,13588.4638671875
180,33531.9609375
181,2510.52978515625
182,33618.59375
183,2764.4287109375
184,33621.0234375
185,15508.2275390625
186,33526.93359375
187,2785.30078125
188,3670.8134765625
189,33510.4296875
190,33621.03125
191,33619.4609375
192,33621.125
193,33615.0859375
194,33451.0703125
195,33629.3671875
196,33630.53125
197,33630.28515625
198,3408.537353515625
199,33620.515625
200,19844.484375
201,33621.296875
202,4645.88671875
203,33628.06640625
204,3721.853515625
205,33609.1640625
206,33613.59765625
207,28789.16796875
208,33629.984375
209,33610.8203125
210,33606.546875
211,33617.41015625
212,33629.2890625
213,33629.71875
214,3928.6142578125
215,33628.75
216,33618.94921875
217,33627.140625
218,4167.013671875
219,24900.23046875
220,11483.0400390625
221,33630.3046875
222,33627.83984375
223,15493.4248046875
224,33626.78515625
225,2516.73583984375
226,33619.51171875
227,3112.677490234375
228,17643.6171875
229,33625.74609375
230,33626.0703125
231,7242.04150390625
232,2667.29833984375
233,33616.140625
234,33622.06640625
235,33620.7265625
236,3505.26708984375
237,33443.890625
238,2963.4013671875
239,33617.82421875
240,6472.125
241,19184.357421875
242,2614.55029296875
243,33619.91015625
244,3016.4755859375
245,33602.9453125
246,12747.1591796875
247,33628.17578125
248,33625.1484375
249,3253.982666015625
250,33620.16796875
251,33619.27734375
252,33102.671875
253,13630.1845703125
254,12923.5009765625
255,33618.8515625
256,33629.75390625
257,33616.37109375
258,33619.9609375
259,2544.942626953125
260,33627.015625
261,33626.0
262,4997.41064453125
263,33617.3359375
264,33629.28515625
265,33621.984375
266,33622.015625
267,11551.3427734375
268,33620.9921875
269,14318.1962890625
270,33621.58984375
271,3200.99267578125
272,33628.625
273,15033.2197265625
274,33619.125
275,13600.3466796875
276,33616.03125
277,2575.722412109375
278,33619.0078125
279,33629.3828125
280,33619.58203125
281,33621.19140625
282,33622.61328125
283,3422.97998046875
284,2682.88037109375
285,33618.1796875
286,33619.87109375
287,33626.5859375
288,33618.53125
289,33621.3203125
290,33627.9921875
291,33566.00390625
292,33620.33984375
293,33544.8828125
294,2525.42724609375
295,33613.2890625
296,17122.64453125
297,33623.2578125
298,33602.25
299,33621.734375
300,33610.9921875
301,33608.98046875
302,33625.59765625
303,33511.375
304,33623.2890625
305,2800.2275390625
306,33621.1796875
307,2751.520263671875
308,33627.43359375
309,33621.98828125
310,33620.28125
311,33621.18359375
312,33628.77734375
313,33620.27734375
314,33616.44921875
315,9437.3818359375
316,33612.9609375
317,33629.76953125
318,33618.3984375
319,33621.03125
320,33627.11328125
321,33533.06640625
322,2927.0224609375
323,2513.896240234375
324,33625.23046875
325,33622.671875
326,33622.2734375
327,6114.7158203125
328,33618.9765625
329,33612.8203125
330,3442.68359375
331,33621.328125
332,33620.953125
333,12998.8154296875
334,33597.37109375
335,33473.9609375
336,14932.3828125
337,33583.2734375
338,3587.564453125
339,33625.08984375
340,33625.28125
341,3017.919921875
342,33629.74609375
343,33628.84375
344,15047.5537109375
345,33622.01953125
346,33613.8984375
347,33617.859375
348,14889.443359375
349,17914.94140625
350,15641.1083984375
351,3196.5439453125
352,33617.6484375
353,3076.23876953125
354,33560.1328125
355,33627.34765625
356,33630.4296875
357,33619.50390625
358,3286.7568359375
359,12877.484375
360,33628.640625
361,3487.12939453125
362,33570.5546875
363,33619.75390625
364,14898.1572265625
365,33611.75
366,3452.78076171875
367,33629.34375
368,2582.02978515625
369,33628.578125
370,33620.20703125
371,6848.86669921875
372,33507.96484375
373,33630.1015625
374,33620.203125
375,33465.16796875
376,33617.6796875
377,33515.9140625
378,2822.933837890625
379,10223.7666015625
380,33549.546875
381,33620.87109375
382,33621.96484375
383,2916.9140625
384,5121.01611328125
385,33450.43359375
386,33630.046875
387,33629.6015625
388,33624.828125
389,33625.52734375
390,33580.04296875
391,33618.36328125
392,33605.59375
393,33628.66015625
394,33629.16015625
395,14143.0712890625
396,33620.9140625
397,3183.0361328125
398,33617.9140625
399,33628.71484375
400,3556.13427734375
401,33627.74609375
402,2525.232421875
403,33548.30078125
404,16294.7177734375
405,33617.828125
406,12114.3701171875
407,4821.90478515625
408,33616.28515625
409,33629.765625
410,33335.54296875
411,33618.01953125
412,13064.2353515625
413,33627.7578125
414,14946.8759765625
415,33605.55859375
416,14070.443359375
417,15509.6396484375
418,33619.3125
419,33622.64453125
420,33624.57421875
421,33619.859375
422,7551.67041015625
423,3445.473388671875
424,33612.85546875
425,16209.326171875
426,33618.9140625
427,33621.7890625
428,13249.41796875
429,33620.91015625
430,33628.875
431,33618.953125
432,33618.75
433,33612.3203125
434,33629.76171875
435,3291.21142578125
436,5445.52001953125
437,33621.015625
438,33628.91015625
439,33629.3671875
440,13340.4111328125
441,13434.1201171875
442,3193.801513671875
443,33619.0625
444,33629.21875
445,33622.87109375
446,33618.0
447,33629.48828125
448,6693.76318359375
449,33619.12890625
450,33620.5625
451,2950.55810546875
452,33620.4921875
453,12889.4833984375
454,33622.25
455,33624.30078125
456,14793.5595703125
457,4889.31005859375
458,4274.71142578125
459,33619.5625
460,33620.90625
461,33630.0234375
462,23301.318359375
463,2504.05078125
464,18571.541015625
465,14739.0537109375
466,15859.7587890625
467,33628.625
468,33574.34375
469,33628.23046875
470,11659.6064453125
471,14018.9462890625
472,33621.984375
473,33616.2421875
474,5259.47412109375
475,33620.9609375
476,33618.0390625
477,33628.640625
478,5933.81640625
479,15314.9375
480,33622.0078125
481,33625.3515625
482,33621.296875
483,16584.431640625
484,33617.40625
485,33622.05859375
486,33552.1796875
487,2637.45068359375
488,13726.671875
489,31050.5703125
490,33528.1171875
491,2845.0048828125
492,33619.80859375
493,33620.27734375
494,4175.0732421875
495,14413.3994140625
496,4380.4833984375
497,2516.8544921875
498,33618.7734375
499,33613.22265625
500,33627.234375
501,33616.609375
502,33616.9609375
503,33622.61328125
504,14138.8740234375
505,33620.62109375
506,33630.421875
507,19149.064453125
508,33288.33203125
509,33627.765625
510,26560.439453125
511,33625.671875
512,33618.7734375
513,11397.173828125
514,33616.25390625
515,15359.4052734375
516,33620.671875
517,33626.07421875
518,33629.30859375
519,33621.33984375
520,33620.1328125
521,33621.9921875
522,33629.7734375
523,33627.046875
524,16083.357421875
525,33624.7890625
526,3591.81591796875
527,33605.68359375
528,15216.265625
529,33628.96875
530,33562.8125
531,33617.625
532,33623.35546875
533,33628.05859375
534,33621.37109375
535,13743.2294921875
536,33629.140625
537,8760.0849609375
538,33619.171875
539,11611.443359375
540,33620.87109375
541,4420.74365234375
542,33619.0
543,12895.8408203125
544,33628.71875
545,33622.1953125
546,33622.00390625
547,33618.34375
548,33624.7890625
549,25785.90625
550,14229.1357421875
551,16865.48828125
552,13012.7099609375
553,12919.2412109375
554,33614.1875
555,33630.48828125
556,2664.972900390625
557,33606.078125
558,14406.8779296875
559,3151.57275390625
560,33621.77734375
561,2809.759521484375
562,3044.0966796875
563,33630.0
564,33618.328125
565,33592.05078125
566,33624.359375
567,21095.31640625
568,15895.13671875
569,33622.33203125
570,33628.109375
571,33605.1640625
572,33612.33984375
573,33621.015625
574,12600.9013671875
575,33621.4921875
576,33630.109375
577,33602.3046875
578,7298.14892578125
579,33627.515625
580,16604.40625
581,33621.6875
582,16476.294921875
583,3252.947265625
584,33622.61328125
585,13335.0224609375
586,33442.734375
587,33609.2578125
588,2500.09765625
589,33630.0
590,4511.5546875
591,18778.5546875
592,33619.6953125
593,5622.54443359375
594,33628.4140625
595,33620.11328125
596,2519.48291015625
597,11675.5263671875
598,15783.4912109375
599,33560.13671875
600,6371.32666015625
601,33621.4140625
602,33603.8125
603,32190.51953125
604,33627.1953125
605,33618.65234375
606,33619.80078125
607,33309.2734375
608,33628.76953125
609,33629.4140625
610,33611.45703125
611,33620.03125
612,33615.94921875
613,33630.1171875
614,2900.6611328125
615,33618.69921875
616,14983.357421875
617,33619.4765625
618,33629.77734375
619,33609.90625
620,33620.390625
621,33622.9296875
622,33629.0234375
623,33621.5859375
624,33618.94921875
625,33475.89453125
626,33452.6484375
627,33626.92578125
628,33618.8828125
629,12285.7666015625
630,15959.2353515625
631,2524.281005859375
632,33629.546875
633,33620.12890625
634,33620.3203125
635,33627.1171875
636,14625.888671875
637,3398.4443359375
638,15278.6171875
639,33572.171875
640,15678.703125
641,33621.04296875
642,33619.515625
643,7686.20654296875
644,33614.75
645,2982.142822265625
646,33543.6328125
647,3037.94091796875
648,3404.450439453125
649,3324.65283203125
650,33618.6875
651,33622.5234375
652,32302.9375
653,33618.6328125
654,33605.765625
655,3007.8984375
656,15023.9853515625
657,4209.6748046875
658,2909.11474609375
659,33518.62890625
660,14563.8193359375
661,33629.46875
662,3548.68505859375
663,33627.74609375
664,33621.75
665,33508.14453125
666,2785.822265625
667,8157.279296875
668,11738.0068359375
669,33400.65625
670,33630.01953125
671,33630.1484375
672,33619.015625
673,33609.390625
674,14614.103515625
675,33629.6171875
676,33598.859375
677,9484.0732421875
678,33628.1328125
679,14437.3603515625
680,33627.55078125
681,33619.1640625
682,33618.828125
683,33625.140625
684,11166.658203125
685,33627.5703125
686,13542.0078125
687,12455.3212890625
688,33618.66015625
689,18210.4140625
690,33621.35546875
691,18062.84375
692,15068.9111328125
693,3056.154296875
694,33628.98828125
695,33629.6640625
696,8801.017578125
697,25568.7578125
698,2978.463134765625
699,33619.16796875
700,11984.4033203125
701,33620.28125
702,13037.1220703125
703,33628.1171875
704,9788.7216796875
705,5303.77392578125
706,17043.369140625
707,33607.47265625
708,33629.76953125
709,8838.2060546875
710,33627.953125
711,7942.9169921875
712,33618.69921875
713,25447.716796875
714,33628.65625
715,33592.0234375
716,33328.640625
717,11521.8154296875
718,33621.0625
719,3534.03173828125
720,4877.10791015625
721,2880.48876953125
722,33628.7734375
723,15777.6904296875
724,33628.4765625
725,3404.064208984375
726,33616.19140625
727,33617.07421875
728,4874.33544921875
729,33552.38671875
730,33629.5390625
731,18436.05859375
732,33618.0234375
733,33629.6328125
734,4456.03369140625
735,33609.359375
736,3296.398681640625
737,3058.880615234375
738,33628.49609375
739,33622.3515625
740,2690.07421875
741,33629.24609375
742,33611.8359375
743,3586.80908203125
744,33616.1328125
745,2500.39599609375
746,33621.45703125
747,14544.9912109375
748,33621.0390625
749,33627.47265625
750,33627.140625
751,33469.05078125
752,33619.75390625
753,33614.6953125
754,19100.80859375
755,33620.8125
756,33619.2578125
757,33621.77734375
758,27127.76171875
759,5665.7744140625
760,6929.15283203125
761,3897.796875
762,12573.177734375
763,2914.3173828125
764,33621.9140625
765,15295.5419921875
766,33621.4140625
767,33621.67578125
768,33629.05078125
769,33620.40234375
770,16681.21875
771,33619.3125
772,33597.1015625
773,33598.33203125
774,15874.0927734375
775,16965.396484375
776,30310.376953125
777,33614.71484375
778,3154.01513671875
779,33629.4375
780,33626.5703125
781,5448.35595703125
782,6476.65966796875
783,33473.4453125
784,2963.5703125
785,33630.41015625
786,33626.80078125
787,33619.3515625
788,12693.486328125
789,33617.328125
790,33605.53515625
791,4943.37353515625
792,33618.9765625
793,33628.32421875
794,33622.015625
795,33619.16015625
796,33619.45703125
797,12338.5419921875
798,33612.078125
799,33622.27734375
800,33620.2265625
801,33619.69140625
802,3721.537109375
803,33620.43359375
804,5020.51123046875
805,4954.97998046875
806,33620.3203125
807,14163.1806640625
808,33619.828125
809,5142.75732421875
810,33072.12109375
811,3394.7255859375
812,33629.0546875
813,33616.890625
814,33627.109375
815,33424.3984375
816,13340.6943359375
817,33387.36328125
818,3755.5888671875
819,15510.6474609375
820,4964.47314453125
821,33626.640625
822,33622.46484375
823,33625.48046875
824,33629.3984375
825,33629.62890625
826,18352.59375
827,33262.9609375
828,33627.203125
829,3579.57373046875
830,9587.9619140625
831,2719.408935546875
832,33614.265625
833,33589.9375
834,2510.12451171875
835,14255.1982421875
836,3207.3779296875
837,33625.859375
838,33618.875
839,33629.43359375
840,33616.328125
841,16096.2255859375
842,33626.71875
843,33619.0390625
844,5344.50439453125
845,17688.67578125
846,33591.3984375
847,33627.3359375
848,15423.4853515625
849,33628.12109375
850,11349.3154296875
851,3518.97265625
852,33629.1875
853,10350.83984375
854,2503.1748046875
855,12390.1435546875
856,33625.046875
857,5165.90478515625
858,8602.8388671875
859,3091.93408203125
860,33618.15625
861,25300.919921875
862,2759.23974609375
863,33534.015625
864,8722.4033203125
865,27701.591796875
866,3244.33447265625
867,33620.31640625
868,33617.62890625
869,33620.98828125
870,3193.240234375
871,14187.875
872,33619.8984375
873,2798.53076171875
874,33618.875
875,3417.92626953125
876,3256.6904296875
877,15114.9580078125
878,33599.7734375
879,15472.0107421875
880,33617.6015625
881,33622.140625
882,2506.85400390625
883,33620.2578125
884,33628.3515625
885,33618.79296875
886,33624.25
887,5671.23583984375
888,33615.64453125
889,24099.69921875
890,33629.625
891,14599.4072265625
892,33603.5
893,14448.439453125
894,33606.11328125
895,33626.109375
896,5197.97216796875
897,20006.47265625
898,33619.046875
899,6002.60400390625
900,33629.79296875
901,33622.046875
902,33620.6796875
903,13050.3681640625
904,33609.81640625
905,33448.515625
906,33621.6015625
907,33619.8203125
908,33618.1015625
909,33619.9375
910,33286.0859375
911,12835.40234375
912,33616.0390625
913,33628.390625
914,11486.2431640625
915,21166.6171875
916,33628.09375
917,28567.44140625
918,33619.3828125
919,33628.60546875
920,33630.3671875
921,33622.1875
922,3082.231201171875
923,4105.13330078125
924,33618.2734375
925,13453.6826171875
926,33618.13671875
927,5938.51806640625
928,3569.843505859375
929,33611.2890625
930,33622.1640625
931,16278.0654296875
932,33629.953125
933,33618.46875
934,32644.3359375
935,3247.2958984375
936,2954.720458984375
937,2858.502197265625
938,33622.671875
939,3784.334228515625
940,2517.4482421875
941,33620.67578125
942,3444.892578125
943,2597.619140625
944,2874.1064453125
945,33621.6015625
946,33260.4765625
947,13076.6630859375
948,33578.64453125
949,31176.99609375
950,33630.09765625
951,6549.865234375
952,33626.69921875
953,11627.1142578125
954,33629.05078125
955,15141.654296875
956,33621.5390625
957,33622.41015625
958,14459.5244140625
959,19160.91015625
960,2847.023681640625
961,33620.15234375
962,33630.0546875
963,33560.7890625
964,33621.859375
965,3516.78369140625
966,33322.12890625
967,33622.0859375
968,33617.78125
969,33626.6640625
970,24107.654296875
971,15522.1591796875
972,33595.33203125
973,33621.65234375
974,9794.5615234375
975,13491.0419921875
976,2519.19775390625
977,30522.96875
978,2502.62890625
979,33629.9921875
980,33623.87890625
981,33602.55078125
982,4572.42626953125
983,33621.62890625
984,11977.9638671875
985,33620.375
986,33629.4375
987,4045.39501953125
988,33365.23046875
989,33619.140625
990,13227.3994140625
991,9662.732421875
992,33625.31640625
993,25091.990234375
994,33630.25
995,17687.181640625
996,29511.515625
997,33621.48828125
998,33630.1640625
999,33629.265625
1000,33613.69140625
1001,13495.02734375
1002,2544.341796875
1003,33627.96484375
1004,33621.5234375
1005,33621.3671875
1006,33620.484375
1007,12123.8681640625
1008,33551.671875
1009,33408.1484375
1010,33621.63671875
1011,33624.76171875
1012,33627.4453125
1013,33618.1875
1014,11862.1181640625
1015,30888.75
1016,12051.2392578125
1017,33617.953125
1018,33627.50390625
1019,33621.27734375
1020,33629.296875
1021,2598.5390625
1022,33616.46484375
1023,5980.14697265625
1024,3539.75
1025,33622.8671875
1026,33620.9453125
1027,9793.9189453125
1028,33618.2265625
1029,33580.9921875
1030,13131.65234375
1031,13483.5908203125
1032,12755.6982421875
1033,33619.2578125
1034,7377.0966796875
1035,33630.19140625
1036,33629.25390625
1037,33620.01953125
1038,3298.251220703125
1039,17000.697265625
1040,15867.150390625
1041,10842.076171875
1042,2618.023681640625
1043,33620.21875
1044,16854.4296875
1045,33624.4921875
1046,33621.6484375
1047,33625.52734375
1048,33619.3515625
1049,28770.10546875
1050,33612.9296875
1051,4736.49365234375
1052,16652.01953125
1053,13053.333984375
1054,10317.9208984375
1055,33622.0625
1056,14888.2451171875
1057,33622.28125
1058,33619.2421875
1059,33627.2890625
1060,33615.4765625
1061,33618.84765625
1062,33628.37109375
1063,33618.828125
1064,4414.3544921875
1065,33572.09375
1066,4528.111328125
1067,31497.0546875
1068,15141.837890625
1069,33618.359375
1070,10599.1572265625
1071,33605.4609375
1072,33222.6875
1073,33625.51953125
1074,12612.5595703125
1075,33630.3046875
1076,33629.0625
1077,16723.5625
1078,33619.375
1079,33610.95703125
1080,33621.05078125
1081,33616.359375
1082,33542.40625
1083,12119.3486328125
1084,33630.125
1085,5369.5703125
1086,17304.03125
1087,16338.802734375
1088,33582.0625
1089,2525.748046875
1090,13943.7158203125
1091,33619.375
1092,12088.6689453125
1093,33627.77734375
1094,33622.09375
1095,33628.63671875
1096,33622.9140625
1097,11990.1396484375
1098,2499.50537109375
1099,33621.46484375
1100,11842.841796875
1101,11820.5546875
1102,33619.16796875
1103,33624.30859375
1104,16513.099609375
1105,33621.1015625
1106,33186.10546875
1107,33628.1015625
1108,33618.32421875
1109,33626.0703125
1110,33621.40625
1111,33585.796875
1112,31907.294921875
1113,13212.5654296875
1114,4329.92333984375
1115,33621.80078125
1116,3779.527099609375
1117,10870.28515625
1118,33620.7265625
1119,15267.482421875
1120,33600.57421875
1121,3633.0595703125
1122,33629.9296875
1123,33620.8046875
1124,33626.7109375
1125,7641.46923828125
1126,12697.7783203125
1127,3317.251708984375
1128,12349.7314453125
1129,3315.037841796875
1130,3609.541259765625
1131,33630.07421875
1132,17496.109375
1133,33618.7265625
1134,33619.75390625
1135,33616.3203125
1136,33612.4453125
1137,33626.375
1138,33599.515625
1139,12719.0498046875
1140,2785.18310546875
1141,33628.92578125
1142,3622.620849609375
1143,33623.734375
1144,33629.33203125
1145,33621.8125
1146,13098.0205078125
1147,19443.484375
1148,33629.41796875
1149,15732.57421875
1150,28253.4375
1151,33621.4921875
1152,33627.08203125
1153,2733.6513671875
1154,33626.6875
1155,33624.6328125
1156,24042.154296875
1157,33629.90625
1158,33627.52734375
1159,33616.3046875
1160,33628.33203125
1161,33629.609375
1162,33620.8671875
1163,33630.484375
1164,33620.12109375
1165,33618.36328125
1166,11904.4716796875
1167,4763.4306640625
1168,9828.1669921875
1169,33620.21875
1170,15339.1796875
1171,15249.6982421875
1172,2504.133544921875
1173,33606.0859375
1174,16114.6123046875
1175,12192.9873046875
1176,33629.38671875
1177,33613.26953125
1178,13435.7158203125
1179,33624.3125
1180,33499.06640625
1181,18583.859375
1182,33627.76171875
1183,33626.796875
1184,14974.28125
1185,33404.68359375
1186,12595.384765625
1187,19727.0390625
1188,33623.28125
1189,3354.09521484375
1190,33613.30078125
1191,32560.150390625
1192,33629.62109375
1193,33628.8984375
1194,33626.14453125
1195,33378.71875
1196,33620.28125
1197,33626.23828125
1198,33629.6640625
1199,10819.2177734375
1200,33616.05859375
1201,33622.3828125
1202,33621.34765625
1203,33610.6953125
1204,33620.796875
1205,3865.72802734375
1206,33620.40625
1207,22690.072265625
1208,32499.99609375
1209,33619.76953125
1210,15875.4931640625
1211,8343.6162109375
1212,3493.13916015625
1213,33573.0546875
1214,33564.62109375
1215,15992.6669921875
1216,33541.125
1217,33623.04296875
1218,4763.09033203125
1219,33617.62890625
1220,33622.9375
1221,3603.20263671875
1222,33618.453125
1223,11851.6337890625
1224,33618.6640625
1225,30313.125
1226,33620.5
1227,33627.78125
1228,33628.66796875
1229,33628.11328125
1230,33621.6171875
1231,33383.59765625
1232,12261.1943359375
1233,33626.8203125
1234,33414.5234375
1235,33475.4296875
1236,15219.5791015625
1237,2500.892578125
1238,15516.0322265625
1239,33608.64453125
1240,33627.9140625
1241,33617.3828125
1242,33627.203125
1243,33567.05078125
1244,33625.125
1245,2523.23193359375
1246,33618.7265625
1247,33618.61328125
1248,33617.7265625
1249,3231.51953125
1250,16518.2109375
1251,33629.90625
1252,33550.3359375
1253,33355.0703125
1254,33628.375
1255,3084.7509765625
1256,33622.51171875
1257,9718.4189453125
1258,5593.74853515625
1259,10720.3251953125
1260,33627.9921875
1261,3373.37646484375
1262,33618.703125
1263,3406.59912109375
1264,6695.30712890625
1265,2836.992431640625
1266,33619.6796875
1267,33617.25390625
1268,12822.1923828125
1269,33617.8359375
1270,33617.91796875
1271,33628.5234375
1272,33617.08203125
1273,33620.10546875
1274,12960.6416015625
1275,33621.328125
1276,33618.36328125
1277,33620.68359375
1278,33610.78515625
1279,33614.7578125
1280,33628.8203125
1281,33568.2734375
1282,3366.209228515625
1283,32823.359375
1284,3018.36865234375
1285,33387.40625
1286,33626.52734375
1287,16183.0576171875
1288,33626.61328125
1289,4227.265625
1290,8625.1591796875
1291,33621.84375
1292,33619.7421875
1293,2526.1455078125
1294,31405.431640625
1295,33332.12109375
1296,33621.0390625
1297,10933.4052734375
1298,33619.140625
1299,7898.01318359375
1300,33628.703125
1301,33621.58203125
1302,33135.2890625
1303,33602.42578125
1304,4006.47216796875
1305,25184.126953125
1306,19150.431640625
1307,33622.26953125
1308,3988.05078125
1309,33622.06640625
1310,3517.54150390625
1311,2557.44287109375
1312,2510.104736328125
1313,4744.5458984375
1314,33617.94140625
1315,33616.65234375
1316,29311.48828125
1317,33602.03125
1318,10323.0830078125
1319,11404.0712890625
1320,3608.30078125
1321,33622.046875
1322,14265.9599609375
1323,33630.1640625
1324,33629.515625
1325,14891.87890625
1326,33559.1328125
1327,33612.7734375
1328,33619.37109375
1329,33629.07421875
1330,33630.03125
1331,10434.041015625
1332,5345.88916015625
1333,33621.8359375
1334,33612.859375
1335,3268.0068359375
1336,14410.9482421875
1337,2517.560546875
1338,33605.953125
1339,33546.0546875
1340,2504.80859375
1341,33628.76953125
1342,33621.875
1343,33616.9765625
1344,33628.6875
1345,33620.828125
1346,32620.046875
1347,33625.5390625
1348,12939.212890625
1349,33302.703125
1350,33621.453125
1351,33416.8515625
1352,3268.52587890625
1353,18780.564453125
1354,33621.51171875
1355,33627.859375
1356,33615.28515625
1357,33367.65234375
1358,15994.564453125
1359,3068.8046875
1360,33616.71875
1361,33619.86328125
1362,9634.3642578125
1363,33621.0859375
1364,33618.14453125
1365,33620.62890625
1366,33628.60546875
1367,33381.2109375
1368,33600.0390625
1369,11125.5322265625
1370,15603.4833984375
1371,12801.0166015625
1372,33605.8828125
1373,33601.609375
1374,33616.77734375
1375,25875.109375
1376,10637.3291015625
1377,33629.71875
1378,14465.4423828125
1379,33616.9296875
1380,33627.328125
1381,11744.5302734375
1382,33629.02734375
1383,12591.3720703125
1384,33613.94140625
1385,33543.90234375
1386,16481.4765625
1387,18692.328125
1388,4001.13037109375
1389,2527.238037109375
1390,33621.375
1391,33628.765625
1392,33621.74609375
1393,33630.4765625
1394,3383.21630859375
1395,18799.884765625
1396,33630.17578125
1397,33626.7578125
1398,33615.91015625
1399,9895.2568359375
1400,33619.0546875
1401,33625.65234375
1402,33628.6875
1403,33619.7109375
1404,17297.29296875
1405,33619.7734375
1406,33623.234375
1407,33565.28125
1408,33415.1640625
1409,2525.40869140625
1410,11648.1650390625
1411,25726.2578125
1412,33616.90625
1413,33253.1328125
1414,2836.33642578125
1415,4891.71875
1416,18283.091796875
1417,4418.25634765625
1418,33620.0859375
1419,33617.953125
1420,33619.94140625
1421,2625.431640625
1422,19816.0625
1423,33616.25
1424,2953.23486328125
1425,8696.8427734375
1426,13536.58203125
1427,7024.73095703125
1428,33618.21484375
1429,4124.87841796875
1430,33616.79296875
1431,33602.96484375
1432,11801.41796875
1433,17795.50390625
1434,12228.0361328125
1435,33622.5546875
1436,2516.7509765625
1437,5971.6494140625
1438,33629.83984375
1439,33587.3984375
1440,33614.9140625
1441,33621.39453125
1442,3221.8486328125
1443,33627.8671875
1444,33629.21484375
1445,13875.6513671875
1446,33620.9140625
1447,33629.5625
1448,33466.09765625
1449,33628.19140625
1450,33601.5234375
1451,33629.71875
1452,33619.27734375
1453,33597.47265625
1454,8321.7880859375
1455,3514.37109375
1456,14247.9111328125
1457,4393.48095703125
1458,3479.9599609375
1459,33618.62109375
1460,33620.62890625
1461,33628.0078125
1462,33622.95703125
1463,33626.76171875
1464,16027.1572265625
1465,3965.48681640625
1466,33595.64453125
1467,33629.359375
1468,15795.568359375
1469,33586.9765625
1470,33627.5078125
1471,33616.4140625
1472,33629.859375
1473,33621.58203125
1474,33624.5703125
1475,3314.770263671875
1476,33618.14453125
1477,33629.828125
1478,3204.925048828125
1479,33621.1953125
1480,33617.46875
1481,33629.0234375
1482,33620.8515625
1483,33619.01953125
1484,25153.70703125
1485,33468.33984375
1486,14715.3388671875
1487,25918.013671875
1488,33594.1875
1489,33621.76953125
1490,33629.2265625
1491,33620.59765625
1492,33616.34375
1493,29204.4375
1494,33626.63671875
1495,33556.28125
1496,33623.2109375
1497,33620.28125
1498,33622.3359375
1499,33624.7421875
1500,33592.7109375
1501,33587.953125
1502,33616.2734375
1503,33597.40234375
1504,27265.201171875
1505,33619.7421875
1506,16041.125
1507,33563.4296875
1508,33621.4296875
1509,2520.39111328125
1510,33615.9140625
1511,33618.1171875
1512,33625.1171875
1513,3066.08837890625
1514,33411.1875
1515,9168.1630859375
1516,33622.24609375
1517,11221.4736328125
1518,16265.162109375
1519,13190.818359375
1520,33615.96484375
1521,33629.484375
1522,10192.810546875
1523,33622.5859375
1524,24701.466796875
1525,11016.150390625
1526,3920.424072265625
1527,33609.453125
1528,33619.13671875
1529,33629.34375
1530,33613.97265625
1531,33629.25390625
1532,33165.09765625
1533,33625.91015625
1534,13001.7998046875
1535,31565.27734375
1536,33629.25390625
1537,33341.87890625
1538,33626.09375
1539,33617.69140625
1540,3365.223876953125
1541,33620.8125
1542,13041.8544921875
1543,33604.97265625
1544,33619.16796875
1545,33620.921875
1546,33438.83203125
1547,13514.431640625
1548,33619.94921875
1549,33629.70703125
1550,33622.03125
1551,33616.97265625
1552,7096.02978515625
1553,33601.6484375
1554,33626.765625
1555,4110.419921875
1556,17526.775390625
1557,33629.75
1558,33620.67578125
1559,33629.234375
1560,5512.77294921875
1561,2785.47021484375
1562,33619.53125
1563,2526.76806640625
1564,2862.649169921875
1565,33628.0859375
1566,33619.18359375
1567,14051.0205078125
1568,9241.9794921875
1569,33616.90234375
1570,3626.351318359375
1571,33626.41015625
1572,33626.0546875
1573,13650.7158203125
1574,19754.083984375
1575,33620.046875
1576,33617.734375
1577,33579.01953125
1578,33614.8984375
1579,33618.5
1580,33620.84375
1581,3309.874267578125
1582,33619.390625
1583,15379.373046875
1584,33609.70703125
1585,6954.73388671875
1586,33618.9921875
1587,33628.59375
1588,33617.2578125
1589,4492.35400390625
1590,14833.3466796875
1591,33616.80078125
1592,33629.67578125
1593,33620.140625
1594,11995.0556640625
1595,3877.674560546875
1596,33627.0703125
1597,33620.9140625
1598,12983.0771484375
1599,15510.5517578125
1600,33043.578125
1601,13261.9384765625
1602,33627.4453125
1603,3104.67138671875
1604,33558.6875
1605,33627.125
1606,5312.20751953125
1607,33620.9296875
1608,2501.101806640625
1609,9432.7021484375
1610,5485.5029296875
1611,33621.203125
1612,15089.2568359375
1613,16241.1318359375
1614,12807.376953125
1615,3108.86279296875
1616,33627.890625
1617,33628.875
1618,3253.026611328125
1619,5043.65771484375
1620,3810.930419921875
1621,33620.0703125
1622,33628.0546875
1623,33629.0390625
1624,33615.828125
1625,33615.93359375
1626,4067.662109375
1627,33626.8046875
1628,4089.111328125
1629,33626.8046875
1630,33622.03515625
1631,33618.6328125
1632,13303.240234375
1633,33616.25390625
1634,13658.9228515625
1635,11941.115234375
1636,33620.41015625
1637,33620.6328125
1638,8743.2353515625
1639,16806.818359375
1640,4440.64306640625
1641,33618.84375
1642,33623.03125
1643,33620.33984375
1644,33620.05859375
1645,33621.1328125
1646,33627.2734375
1647,33629.7109375
1648,33617.953125
1649,24342.48828125
1650,33560.92578125
1651,10677.5771484375
1652,2522.900634765625
1653,13149.4287109375
1654,33620.4140625
1655,2556.439453125
1656,33619.890625
1657,33056.7734375
1658,33629.9375
1659,33620.109375
1660,33255.671875
1661,33521.25390625
1662,33622.140625
1663,33340.2578125
1664,4137.50341796875
1665,33613.5703125
1666,3074.560546875
1667,6710.28076171875
1668,33629.3046875
1669,3103.91259765625
1670,33628.21875
1671,33620.9765625
1672,33620.8046875
1673,33621.7734375
1674,16246.5673828125
1675,11819.2490234375
1676,33620.6015625
1677,3749.34619140625
1678,33616.73046875
1679,28747.453125
1680,3315.92041015625
1681,4606.10107421875
1682,33620.984375
1683,33629.8125
1684,33629.0859375
1685,33561.17578125
1686,33619.78515625
1687,14181.78515625
1688,15992.1494140625
1689,4206.107421875
1690,4023.58203125
1691,33628.2890625
1692,33626.6484375
1693,33615.5
1694,17196.169921875
1695,2517.9345703125
1696,13381.0966796875
1697,33621.0234375
1698,33625.65234375
1699,33629.6484375
1700,33626.390625
1701,33621.0
1702,33298.34375
1703,33626.3984375
1704,33617.5546875
1705,3183.17333984375
1706,15205.029296875
1707,18872.20703125
1708,33609.4375
1709,33616.4140625
1710,33630.69921875
1711,33579.16796875
1712,13191.5341796875
1713,9306.1376953125
1714,3108.22900390625
1715,33612.0234375
1716,33616.38671875
1717,28564.923828125
1718,33620.57421875
1719,3049.547119140625
1720,33621.76171875
1721,33627.9453125
1722,2970.781982421875
1723,33629.2578125
1724,33618.18359375
1725,33628.72265625
1726,33624.91015625
1727,2503.556640625
1728,33616.23828125
1729,33621.015625
1730,33615.8125
1731,33621.9453125
1732,33629.203125
1733,17955.24609375
1734,12238.0556640625
1735,2591.676025390625
1736,9658.9189453125
1737,3064.6552734375
1738,33627.97265625
1739,33621.84375
1740,33624.8046875
1741,33630.03515625
1742,33615.671875
1743,33619.421875
1744,33534.1171875
1745,33628.9609375
1746,2501.71435546875
1747,11431.4990234375
1748,33604.3671875
1749,33618.4296875
1750,33628.99609375
1751,32616.1796875
1752,33619.5078125
1753,33629.24609375
1754,10776.8291015625
1755,10546.9873046875
1756,3371.37841796875
1757,33478.359375
1758,33535.32421875
1759,13477.7412109375
1760,3317.173828125
1761,2508.220703125
1762,14281.4267578125
1763,33627.00390625
1764,33620.6484375
1765,33629.046875
1766,12914.9580078125
1767,33629.08984375
1768,33591.62109375
1769,10618.1728515625
1770,33614.7265625
1771,2965.59130859375
1772,33630.15234375
1773,33625.39453125
1774,20219.564453125
1775,33617.9765625
1776,16004.4443359375
1777,7196.78369140625
1778,17045.9296875
1779,33619.5703125
1780,33627.375
1781,33573.28125
1782,33621.58203125
1783,33628.8125
1784,26587.14453125
1785,33622.6640625
1786,33621.1328125
1787,33619.0
1788,33627.50390625
1789,30892.232421875
1790,33622.3671875
1791,2890.182861328125
1792,33625.34765625
1793,8041.02685546875
1794,3371.48388671875
1795,33617.046875
1796,33629.70703125
1797,30126.41796875
1798,33611.1015625
1799,33615.33203125
1800,5166.65966796875
1801,33621.92578125
1802,14509.19140625
1803,2986.87890625
1804,2797.3095703125
1805,33613.1484375
1806,33621.1796875
1807,2500.491455078125
1808,3287.943115234375
1809,33626.84765625
1810,33520.6640625
1811,11525.32421875
1812,2579.47802734375
1813,33622.53515625
1814,7965.388671875
1815,33621.875
1816,33533.80078125
1817,33621.921875
1818,33613.33203125
1819,33629.46484375
1820,15988.5771484375
1821,33517.1171875
1822,33609.4375
1823,14769.34765625
1824,33620.46875
1825,33629.7421875
1826,33629.6640625
1827,33620.2265625
1828,33583.46484375
1829,33630.25
1830,33619.15625
1831,33621.55078125
1832,16983.396484375
1833,17094.41796875
1834,33595.2578125
1835,33616.9765625
1836,3566.58740234375
1837,26145.9921875
1838,33628.4140625
1839,33629.59375
1840,33627.015625
1841,33609.875
1842,33619.0
1843,2575.35693359375
1844,33622.390625
1845,33601.078125
1846,4910.68701171875
1847,12161.2099609375
1848,33628.15234375
1849,33630.40625
1850,33629.265625
1851,33619.8046875
1852,3422.4560546875
1853,33619.99609375
1854,33630.37890625
1855,2499.905517578125
1856,33620.0
1857,3540.7421875
1858,2527.504638671875
1859,2867.70068359375
1860,33616.6484375
1861,2507.1083984375
1862,33627.14453125
1863,33618.7265625
1864,33592.2578125
1865,33628.70703125
1866,33616.1953125
1867,31606.94140625
1868,32838.296875
1869,4199.68798828125
1870,12508.9873046875
1871,8885.595703125
1872,33621.140625
1873,3079.373046875
1874,33627.24609375
1875,33565.26953125
1876,33620.828125
1877,33611.0703125
1878,2866.230712890625
1879,33629.48828125
1880,33619.46484375
1881,33625.4921875
1882,33619.66015625
1883,33617.40625
1884,33613.56640625
1885,2743.28076171875
1886,33625.359375
1887,2887.135009765625
1888,15841.0126953125
1889,3205.6806640625
1890,25066.654296875
1891,33612.53125
1892,15770.724609375
1893,2831.506103515625
1894,33628.4609375
1895,10372.986328125
1896,5898.37744140625
1897,4715.02001953125
1898,33616.6328125
1899,33621.19140625
1900,15341.279296875
1901,33619.26953125
1902,33629.6640625
1903,16014.3505859375
1904,33629.4375
1905,33612.87109375
1906,2521.73974609375
1907,33620.265625
1908,33616.87890625
1909,33619.97265625
1910,10083.4970703125
1911,33620.96875
1912,33617.25390625
1913,33580.90234375
1914,33617.84375
1915,2859.14697265625
1916,33616.20703125
1917,33461.140625
1918,20823.53515625
1919,33619.87109375
1920,33620.72265625
1921,33626.87890625
1922,26574.490234375
1923,14754.91796875
1924,33626.03125
1925,33626.28125
1926,14720.26953125
1927,2515.48046875
1928,33616.3671875
1929,4947.4013671875
1930,13095.5478515625
1931,16332.3154296875
1932,33598.37109375
1933,33628.34375
1934,33629.9296875
1935,33617.4765625
1936,33630.1796875
1937,21590.04296875
1938,33623.66796875
1939,33619.484375
1940,15212.884765625
1941,12170.0771484375
1942,8715.974609375
1943,33628.2265625
1944,33617.6171875
1945,16013.23046875
1946,6933.7744140625
1947,33629.68359375
1948,33457.1015625
1949,14567.4033203125
1950,33622.7734375
1951,33616.91796875
1952,12120.6474609375
1953,3335.4501953125
1954,31466.6171875
1955,12791.3662109375
1956,30609.115234375
1957,33576.26171875
1958,33620.3828125
1959,33620.44140625
1960,33622.12890625
1961,12116.6552734375
1962,33617.6328125
1963,33561.21875
1964,5683.44970703125
1965,11894.2998046875
1966,2826.249267578125
1967,33616.6953125
1968,6717.40478515625
1969,32865.19140625
1970,33619.13671875
1971,18660.84765625
1972,33493.98828125
1973,33616.94921875
1974,33566.53125
1975,3481.990234375
1976,33630.1015625
1977,9196.1396484375
1978,32154.875
1979,33630.68359375
1980,5036.65576171875
1981,33618.79296875
1982,17008.5078125
1983,33628.7109375
1984,33623.1640625
1985,33595.43359375
1986,3449.431396484375
1987,33568.265625
1988,33629.1640625
1989,11984.80078125
1990,33615.84375
1991,10036.1982421875
1992,33627.8984375
1993,33629.9375
1994,16229.8720703125
1995,33630.015625
1996,2551.8193359375
1997,19169.16015625
1998,33626.8984375
1999,33627.94140625
2000,33621.171875
2001,33629.6484375
2002,14337.1298828125
2003,33628.96875
2004,33621.1328125
2005,10405.1240234375
2006,33626.53125
2007,33629.25
2008,33621.859375
2009,33626.8046875
2010,33628.015625
2011,2511.80126953125
2012,33628.171875
2013,33630.51171875
2014,33623.0078125
2015,3897.780517578125
2016,10469.9072265625
2017,33621.6015625
2018,33599.51171875
2019,10149.103515625
2020,3785.609130859375
2021,33621.14453125
2022,3806.66845703125
2023,33629.75
2024,33626.5390625
2025,33624.1953125
2026,33622.48828125
2027,33628.4140625
2028,33629.421875
2029,11840.3408203125
2030,16660.47265625
2031,33623.6640625
2032,33619.76171875
2033,33613.421875
2034,33619.9453125
2035,33621.265625
2036,5682.099609375
2037,33628.84765625
2038,5513.96337890625
2039,33613.67578125
2040,13265.953125
2041,14318.8466796875
2042,33626.53515625
2043,33619.29296875
2044,33623.73046875
2045,33623.21875
2046,27716.357421875
2047,33618.71875
2048,16226.5146484375
2049,17208.64453125
2050,33628.72265625
2051,33595.8671875
2052,33627.5546875
2053,3304.8330078125
2054,33629.4375
2055,33618.6875
2056,22805.2578125
2057,33523.9609375
2058,33617.91796875
2059,4803.0478515625
2060,33438.58984375
2061,33618.4609375
2062,33619.1171875
2063,3362.4560546875
2064,33599.1875
2065,8229.3232421875
2066,33622.4921875
2067,33629.09375
2068,3354.86474609375
2069,33628.3671875
2070,33555.4296875
2071,33618.6875
2072,2499.966796875
2073,33615.03125
2074,33592.14453125
2075,33618.125
2076,33613.0078125
2077,33579.87890625
2078,33626.25
2079,33617.85546875
2080,33618.98828125
2081,33622.0703125
2082,13288.3330078125
2083,33239.15234375
2084,33626.55859375
2085,12897.3056640625
2086,33630.546875
2087,33629.6484375
2088,31036.5625
2089,33628.5703125
2090,15741.412109375
2091,33619.07421875
2092,33473.546875
2093,15223.2900390625
2094,5171.85009765625
2095,19413.19140625
2096,12635.5732421875
2097,33628.7265625
2098,33622.3125
2099,5998.69091796875
2100,33627.75
2101,13458.22265625
2102,3185.35791015625
2103,33620.1640625
2104,33621.6953125
2105,3308.253173828125
2106,33628.75
2107,33617.10546875
2108,33626.15234375
2109,33501.1953125
2110,33629.953125
2111,33620.2890625
2112,2808.043212890625
2113,6485.6396484375
2114,33621.44140625
2115,33621.5
2116,33619.703125
2117,13377.24609375
2118,33621.171875
2119,33410.6015625
2120,20074.04296875
2121,33624.9296875
2122,33630.1328125
2123,33619.8828125
2124,27813.701171875
2125,33627.4453125
2126,33628.703125
2127,33625.72265625
2128,33620.0078125
2129,3035.296630859375
2130,33629.4140625
2131,12342.470703125
2132,13156.521484375
2133,26879.41015625
2134,14461.6005859375
2135,33629.0
2136,16862.466796875
2137,33618.5234375
2138,33622.9921875
2139,3545.093505859375
2140,33500.50390625
2141,33586.046875
2142,14791.9677734375
2143,33622.09375
2144,4643.724609375
2145,2931.088623046875
2146,33624.8203125
2147,33619.06640625
2148,33602.8515625
2149,3425.486083984375
2150,28307.3359375
2151,33629.14453125
2152,33620.328125
2153,33622.3359375
2154,33619.3359375
2155,12094.2705078125
2156,33598.51171875
2157,33567.71875
2158,17716.98046875
2159,3072.2294921875
2160,33621.78515625
2161,33626.98828125
2162,14899.0263671875
2163,4135.97216796875
2164,33621.14453125
2165,11699.6171875
2166,33629.5546875
2167,33596.7578125
2168,33624.85546875
2169,7485.70068359375
2170,33627.9921875
2171,2619.3955078125
2172,33617.95703125
2173,33516.109375
2174,28052.404296875
2175,13727.8125
2176,26799.646484375
2177,33620.08203125
2178,2930.648193359375
2179,33620.45703125
2180,33625.9296875
2181,33630.10546875
2182,33614.9296875
2183,33622.7890625
2184,33613.96875
2185,33628.171875
2186,33292.015625
2187,32401.349609375
2188,33626.203125
2189,4248.39404296875
2190,33449.51171875
2191,6435.09716796875
2192,33629.72265625
2193,33620.62890625
2194,2514.0107421875
2195,5948.18408203125
2196,33628.46484375
2197,2541.98974609375
2198,3219.80810546875
2199,3149.64990234375
2200,3602.76025390625
2201,33618.53125
2202,2557.3720703125
2203,33629.4921875
2204,3376.352294921875
2205,32842.38671875
2206,33619.89453125
2207,33622.78515625
2208,33620.83984375
2209,33629.3984375
2210,4144.29638671875
2211,32949.8125
2212,3440.150390625
2213,33620.9296875
2214,12780.6923828125
2215,25463.76953125
2216,33628.25
2217,32978.078125
2218,33534.96875
2219,6256.40869140625
2220,33629.3125
2221,33613.6171875
2222,8771.25
2223,33618.86328125
2224,33619.10546875
2225,33613.671875
2226,33630.5
2227,18043.6640625
2228,33535.75390625
2229,3903.5283203125
2230,33607.328125
2231,33623.14453125
2232,33629.8203125
2233,33629.0390625
2234,33628.00390625
2235,4546.72509765625
2236,33618.4375
2237,33620.421875
2238,33629.328125
2239,33621.09375
2240,33630.17578125
2241,33618.8671875
2242,5497.36181640625
2243,3466.680419921875
2244,4445.2353515625
2245,33621.7109375
2246,33615.015625
2247,33556.453125
2248,19545.484375
2249,33625.640625
2250,12640.2412109375
2251,13769.3232421875
2252,33621.21875
2253,33620.3046875
2254,33622.2421875
2255,3314.832275390625
2256,2982.8291015625
2257,16709.935546875
2258,33346.8671875
2259,17689.255859375
2260,33622.1953125
2261,33623.2265625
2262,5098.4326171875
2263,33629.58203125
2264,33629.48828125
2265,33621.96875
2266,33617.66015625
2267,7194.98583984375
2268,33560.1015625
2269,3605.7900390625
2270,33629.44140625
2271,33558.3984375
2272,33492.12890625
2273,33618.78125
2274,33623.3359375
2275,33626.78515625
2276,3334.490966796875
2277,33620.01171875
2278,27202.62890625
2279,2752.256103515625
2280,33620.12890625
2281,10295.76171875
2282,33626.71484375
2283,33621.10546875
2284,33586.02734375
2285,4393.3935546875
2286,2510.0087890625
2287,3963.350341796875
2288,33608.859375
2289,15126.5830078125
2290,33627.2421875
2291,2880.8955078125
2292,33597.56640625
2293,33618.28125
2294,11429.63671875
2295,33628.8359375
2296,2772.301025390625
2297,33618.5625
2298,33623.6875
2299,33629.3046875
2300,33624.68359375
2301,33628.65234375
2302,8037.31005859375
2303,12868.623046875
2304,14389.4658203125
2305,33627.93359375
2306,3834.71923828125
2307,33619.17578125
2308,33624.2265625
2309,33629.69921875
2310,33621.5234375
2311,33516.921875
2312,33619.2734375
2313,33621.2734375
2314,4661.83154296875
2315,33625.9453125
2316,33630.5859375
2317,12145.3701171875
2318,33621.1015625
2319,33624.80078125
2320,2514.13134765625
2321,33628.90625
2322,29148.78515625
2323,33628.19921875
2324,33614.41015625
2325,15599.6748046875
2326,33616.0625
2327,33617.6875
2328,33619.765625
2329,33620.01171875
2330,14132.1337890625
2331,33624.9921875
2332,33620.578125
2333,3138.5498046875
2334,14903.6376953125
2335,33621.2421875
2336,33628.171875
2337,19152.98828125
2338,17946.7109375
2339,3768.85205078125
2340,33629.91015625
2341,33628.8828125
2342,8083.4677734375
2343,13803.7158203125
2344,33629.62109375
2345,33615.19921875
2346,33534.48828125
2347,33620.53515625
2348,12238.1845703125
2349,17310.6484375
2350,33595.82421875
2351,33629.578125
2352,32710.806640625
2353,2787.07080078125
2354,33585.80078125
2355,33621.8828125
2356,9166.2041015625
2357,33629.2421875
2358,33613.4453125
2359,3596.460205078125
2360,33620.6953125
2361,33621.5390625
2362,33629.0234375
2363,2815.04638671875
2364,33408.6171875
2365,4615.10986328125
2366,3280.1865234375
2367,33630.1953125
2368,33617.6015625
2369,33629.1875
2370,33629.5859375
2371,15195.1650390625
2372,33629.21875
2373,2682.2900390625
2374,13387.5126953125
2375,33620.13671875
2376,33615.90625
2377,3638.10205078125
2378,33620.32421875
2379,33628.6484375
2380,13300.4072265625
2381,11239.0439453125
2382,3323.262451171875
2383,3476.13916015625
2384,33622.98828125
2385,33616.90234375
2386,33619.41796875
2387,33617.23828125
2388,3623.8173828125
2389,14703.91796875
2390,3980.8330078125
2391,33619.87890625
2392,17036.109375
2393,13059.896484375
2394,16931.271484375
2395,13993.69921875
2396,2881.15380859375
2397,33629.1015625
2398,33617.7734375
2399,9712.4521484375
2400,3188.79296875
2401,33626.3046875
2402,2508.6669921875
2403,33620.703125
2404,33630.0
2405,33621.765625
2406,2519.02294921875
2407,33625.75390625
2408,2707.1005859375
2409,2986.6591796875
2410,16332.8388671875
2411,3290.200439453125
2412,10124.1767578125
2413,33594.76953125
2414,9998.0205078125
2415,2607.95703125
2416,33615.01171875
2417,33629.16015625
2418,33620.73828125
2419,33626.64453125
2420,33629.015625
2421,33627.24609375
2422,33611.6875
2423,33621.1640625
2424,33628.16796875
2425,3418.947265625
2426,5141.49462890625
2427,15395.0146484375
2428,3782.120849609375
2429,33621.796875
2430,12195.7451171875
2431,33519.0390625
2432,33617.5859375
2433,33599.10546875
2434,3391.6767578125
2435,2526.540771484375
2436,19281.53125
2437,33542.1953125
2438,6040.759765625
2439,33624.59765625
2440,33617.84765625
2441,5855.75634765625
2442,33574.63671875
2443,33621.171875
2444,4598.80908203125
2445,4644.03369140625
2446,19185.88671875
2447,33619.60546875
2448,4463.21142578125
2449,33619.859375
2450,2841.40771484375
2451,33621.3515625
2452,33597.10546875
2453,33629.21875
2454,33621.45703125
2455,4908.10693359375
2456,7544.21484375
2457,33629.6484375
2458,2730.38134765625
2459,14874.5625
2460,2545.2119140625
2461,33613.62109375
2462,33620.1171875
2463,15786.216796875
2464,33630.39453125
2465,33626.9609375
2466,33588.2421875
2467,33619.984375
2468,33621.4453125
2469,33621.9921875
2470,33622.23828125
2471,33630.58203125
2472,2515.571533203125
2473,33623.13671875
2474,4160.75
2475,33628.3125
2476,3273.8759765625
2477,33629.6796875
2478,33604.296875
2479,33467.2734375
2480,33629.80859375
2481,3444.56640625
2482,14364.2587890625
2483,3986.5419921875
2484,33625.328125
2485,12952.7265625
2486,33621.6171875
2487,33620.578125
2488,33619.078125
2489,33621.98828125
2490,33614.8828125
2491,33617.921875
2492,33625.1015625
2493,14666.041015625
2494,33629.16015625
2495,26736.6953125
2496,12235.583984375
2497,33620.85546875
2498,21691.45703125
2499,33628.40234375
2500,33629.85546875
2501,33601.40625
2502,33603.83984375
2503,33618.2265625
2504,33617.1015625
2505,33621.8984375
2506,15002.9833984375
2507,33617.6484375
2508,11773.0966796875
2509,4274.35595703125
2510,20824.94921875
2511,33616.81640625
2512,33617.890625
2513,33550.73046875
2514,16449.369140625
2515,33616.9453125
2516,3839.18896484375
2517,2672.12451171875
2518,33629.5859375
2519,33621.66796875
2520,33618.9296875
2521,33621.3046875
2522,33616.234375
2523,33619.2890625
2524,7228.81982421875
2525,33620.03125
2526,33629.3984375
2527,33622.72265625
2528,33626.9921875
2529,33620.0390625
2530,33618.4765625
2531,12619.2978515625
2532,33621.2265625
2533,2930.9052734375
2534,33621.89453125
2535,33621.453125
2536,33619.74609375
2537,33627.609375
2538,33619.15625
2539,33620.203125
2540,33502.46484375
2541,32706.20703125
2542,13845.3056640625
2543,3884.148193359375
2544,33592.3125
2545,33618.9765625
2546,33546.4140625
2547,33628.71484375
2548,13890.9208984375
2549,33293.9765625
2550,2510.88427734375
2551,33620.9765625
2552,5397.07177734375
2553,33258.4609375
2554,17815.2734375
2555,5246.27392578125
2556,5295.84716796875
2557,33629.59375
2558,2929.46875
2559,10806.1455078125
2560,33618.25
2561,33621.9921875
2562,33620.390625
2563,33619.171875
2564,3418.08984375
2565,33619.9296875
2566,2549.26123046875
2567,14369.1845703125
2568,33625.4140625
2569,33498.27734375
2570,33618.55859375
2571,33618.30859375
2572,33628.6640625
2573,33622.01171875
2574,26957.509765625
2575,33584.3203125
2576,12838.9404296875
2577,3562.883544921875
2578,32700.107421875
2579,10020.2353515625
2580,33621.359375
2581,3547.696044921875
2582,33618.00390625
2583,33621.90625
2584,33629.4453125
2585,12387.66015625
2586,3209.427490234375
2587,33601.1484375
2588,33566.2734375
2589,33618.359375
2590,33259.84375
2591,33628.90625
2592,15955.1806640625
2593,27115.4765625
2594,33625.4453125
2595,4504.0107421875
2596,8395.845703125
2597,33602.74609375
2598,33628.171875
2599,13269.7861328125
2600,33621.921875
2601,2934.33544921875
2602,19060.1015625
2603,33629.609375
2604,33629.40625
2605,33629.73828125
2606,16799.48046875
2607,33618.6015625
2608,2518.274169921875
2609,6847.35107421875
2610,11797.5712890625
2611,33624.6015625
2612,33625.5078125
2613,33619.859375
2614,3511.939453125
2615,33578.2265625
2616,13783.9521484375
2617,33627.68359375
2618,33595.046875
2619,15102.12890625
2620,33628.79296875
2621,33618.8828125
2622,2503.927734375
2623,20151.85546875
2624,33619.296875
2625,33600.84375
2626,14511.6279296875
2627,33630.3359375
2628,33620.03125
2629,13661.6162109375
2630,33629.6484375
2631,12368.693359375
2632,33618.98046875
2633,33620.8671875
2634,33318.65234375
2635,33629.109375
2636,4374.03173828125
2637,33628.5546875
2638,13153.6533203125
2639,33629.5703125
2640,33620.796875
2641,33629.8828125
2642,2598.5107421875
2643,3140.3779296875
2644,33621.87109375
2645,3118.8857421875
2646,3775.64208984375
2647,3314.7783203125
2648,4270.6796875
2649,33628.703125
2650,18216.078125
2651,33629.08203125
2652,14509.333984375
2653,2523.064697265625
2654,23047.259765625
2655,2998.0029296875
2656,2888.8994140625
2657,3746.29150390625
2658,33617.58203125
2659,33625.9609375
2660,5094.75634765625
2661,27403.8359375
2662,6722.1240234375
2663,14635.9501953125
2664,33627.125
2665,33622.2578125
2666,33629.5859375
2667,33628.2890625
2668,25233.08984375
2669,5107.26611328125
2670,33598.5625
2671,33628.4375
2672,8686.896484375
2673,33618.1953125
2674,33620.5234375
2675,33628.9609375
2676,33621.00390625
2677,33494.6640625
2678,33616.203125
2679,16461.67578125
2680,13420.8359375
2681,33620.515625
2682,33595.609375
2683,33617.59765625
2684,3217.37890625
2685,33620.5625
2686,4932.41259765625
2687,2925.373046875
2688,11828.041015625
2689,2505.9140625
2690,15502.2958984375
2691,4545.169921875
2692,15386.0009765625
2693,33620.90625
2694,33627.74609375
2695,14375.1357421875
2696,33612.0390625
2697,33617.75
2698,4410.29541015625
2699,33629.47265625
2700,12270.8154296875
2701,32275.96875
2702,33622.28125
2703,33617.5390625
2704,33625.69140625
2705,33630.52734375
2706,16030.5517578125
2707,13053.6982421875
2708,12452.0576171875
2709,3558.4326171875
2710,33629.125
2711,3606.99853515625
2712,33629.859375
2713,33619.6796875
2714,9724.2119140625
2715,33618.28125
2716,3519.679443359375
2717,2601.72216796875
2718,33623.12109375
2719,12381.779296875
2720,33614.32421875
2721,33351.73046875
2722,14089.365234375
2723,33606.08984375
2724,3075.00390625
2725,33628.70703125
2726,33611.51171875
2727,2925.21923828125
2728,33621.80859375
2729,33621.36328125
2730,33571.4765625
2731,33628.37109375
2732,22925.333984375
2733,33618.203125
2734,33617.15625
2735,33620.40625
2736,33617.0703125
2737,33581.0390625
2738,3378.4970703125
2739,33621.33203125
2740,19506.5546875
2741,33626.4375
2742,5787.28466796875
2743,16196.4951171875
2744,15397.1181640625
2745,33621.2265625
2746,33621.34375
2747,13903.9130859375
2748,33610.35546875
2749,33626.1640625
2750,33618.1484375
2751,15951.4384765625
2752,33619.26953125
2753,19438.4609375
2754,33629.3828125
2755,14810.2646484375
2756,33603.1796875
2757,12740.5380859375
2758,33629.3046875
2759,5626.884765625
2760,33628.84375
2761,33618.81640625
2762,33617.5625
2763,33628.6796875
2764,33621.64453125
2765,19522.5703125
2766,3212.815185546875
2767,33628.79296875
2768,33620.4609375
2769,3216.147216796875
2770,33620.640625
2771,15087.603515625
2772,2784.46484375
2773,33621.1796875
2774,33626.953125
2775,33629.15625
2776,5304.29833984375
2777,33627.203125
2778,15666.7841796875
2779,2718.67431640625
2780,2613.99755859375
2781,33620.640625
2782,33628.3125
2783,33620.9921875
2784,33629.875
2785,33629.6875
2786,33618.9609375
2787,9920.083984375
2788,33629.6328125
2789,33630.1015625
2790,33616.8515625
2791,3081.837890625
2792,14911.2158203125
2793,12196.9345703125
2794,3288.9404296875
2795,33622.9453125
2796,9395.0517578125
2797,15065.6650390625
2798,33620.0078125
2799,33620.48828125
2800,33606.203125
2801,3956.34912109375
2802,33620.953125
2803,33620.0078125
2804,33626.08984375
2805,2841.83056640625
2806,33627.8828125
2807,33621.18359375
2808,33628.59765625
2809,14070.4970703125
2810,9876.1806640625
2811,33618.765625
2812,33612.71875
2813,33623.4140625
2814,33621.8828125
2815,33628.71875
2816,33626.609375
2817,33149.59765625
2818,33550.953125
2819,2929.356201171875
2820,33493.61328125
2821,33619.0
2822,28814.921875
2823,33627.7734375
2824,33507.40625
2825,33608.62890625
2826,12578.451171875
2827,33620.6015625
2828,16123.72265625
2829,33628.3125
2830,33618.3671875
2831,32753.244140625
2832,2559.60400390625
2833,33618.015625
2834,33629.96484375
2835,19647.74609375
2836,33629.734375
2837,33628.90625
2838,33414.6171875
2839,2524.50390625
2840,10216.8515625
2841,33620.83203125
2842,4445.66943359375
2843,3403.890380859375
2844,33619.15234375
2845,3838.48388671875
2846,3464.4384765625
2847,32522.73828125
2848,13791.0869140625
2849,33377.29296875
2850,27540.666015625
2851,3440.10107421875
2852,2510.58642578125
2853,33627.6015625
2854,33618.58203125
2855,33603.52734375
2856,3187.321044921875
2857,33621.78125
2858,33616.8671875
2859,2936.940673828125
2860,2859.880859375
2861,33618.2265625
2862,33622.15234375
2863,33622.515625
2864,4190.50341796875
2865,4740.67138671875
2866,33601.8828125
2867,4650.56103515625
2868,11346.4658203125
2869,15961.7919921875
2870,3682.08056640625
2871,33627.6640625
2872,33608.5703125
2873,4034.304931640625
2874,33618.90625
2875,33620.9609375
2876,15252.1923828125
2877,33620.02734375
2878,33630.45703125
2879,33630.23828125
2880,31286.9140625
2881,33625.33984375
2882,6071.6083984375
2883,10363.4345703125
2884,33620.1640625
2885,2721.04248046875
2886,22247.8359375
2887,33627.78515625
2888,33617.18359375
2889,33620.4921875
2890,33558.34765625
2891,33620.8359375
2892,3629.933349609375
2893,4905.19189453125
2894,33625.0703125
2895,33620.671875
2896,7823.232421875
2897,13883.6240234375
2898,33628.30078125
2899,2917.810302734375
2900,33627.63671875
2901,33627.1328125
2902,33619.796875
2903,6700.19873046875
2904,33618.65234375
2905,2738.19091796875
2906,33558.7265625
2907,4938.44482421875
2908,3353.3720703125
2909,33589.70703125
2910,3228.03076171875
2911,4060.74560546875
2912,33628.453125
2913,4420.61669921875
2914,33622.43359375
2915,33622.96484375
2916,10546.9423828125
2917,33619.32421875
2918,33629.22265625
2919,33609.296875
2920,19307.810546875
2921,33516.140625
2922,2854.25390625
2923,15881.806640625
2924,33541.28125
2925,33621.01953125
2926,33621.8046875
2927,33619.8984375
2928,33629.1171875
2929,12076.55859375
2930,3657.1240234375
2931,33622.4453125
2932,33620.078125
2933,13806.39453125
2934,33621.40625
2935,33539.29296875
2936,33605.58984375
2937,13380.4775390625
2938,33628.53125
2939,2724.38818359375
2940,33620.9609375
2941,33621.24609375
2942,33618.828125
2943,3499.080078125
2944,33630.36328125
2945,33619.421875
2946,33569.0703125
2947,11277.1171875
2948,33621.0703125
2949,33620.16796875
2950,8185.6044921875
2951,12712.63671875
2952,33579.578125
2953,33621.4375
2954,33629.26171875
2955,33619.00390625
2956,33616.4375
2957,33620.23046875
2958,15928.197265625
2959,15313.7177734375
2960,33620.859375
2961,33570.81640625
2962,33617.8671875
2963,33570.13671875
2964,33621.1875
2965,33629.63671875
2966,33439.44921875
2967,33630.671875
2968,33618.40625
2969,33597.59375
2970,33619.08203125
2971,33614.3671875
2972,33603.8359375
2973,33618.90625
2974,33454.6328125
2975,33616.15234375
2976,33621.5390625
2977,18794.65234375
2978,12220.1533203125
2979,3147.9560546875
2980,33616.9921875
2981,8382.203125
2982,3249.840576171875
2983,11858.0322265625
2984,33618.45703125
2985,3644.1650390625
2986,33618.8046875
2987,33629.1171875
2988,33630.1796875
2989,33628.34375
2990,33621.80078125
2991,33621.83984375
2992,33630.26953125
2993,33628.94140625
2994,33628.109375
2995,33619.1875
2996,16285.4697265625
2997,2547.519287109375
2998,2868.731689453125
2999,33618.5703125
3000,33629.53125
3001,33621.3515625
3002,33512.46484375
3003,25036.751953125
3004,33605.6328125
3005,15112.171875
3006,33618.84765625
3007,15021.6259765625
3008,4052.9814453125
3009,28823.564453125
3010,4322.60693359375
3011,33627.47265625
3012,33620.84765625
3013,33598.14453125
3014,16563.55859375
3015,33618.0
3016,33618.7734375
3017,31709.69921875
3018,3238.03955078125
3019,3460.689208984375
3020,2768.05517578125
3021,33622.34375
3022,33067.15625
3023,33628.4609375
3024,8799.6728515625
3025,15515.6962890625
3026,33628.265625
3027,29673.47265625
3028,10757.3720703125
3029,5107.59765625
3030,33621.29296875
3031,33618.3203125
3032,33627.15234375
3033,12682.5615234375
3034,30601.986328125
3035,33621.8828125
3036,33623.296875
3037,33629.046875
3038,33597.94921875
3039,14240.4794921875
3040,19863.71484375
3041,33619.5625
3042,2870.509033203125
3043,33619.8359375
3044,16516.083984375
3045,3567.55810546875
3046,33623.1015625
3047,3253.267578125
3048,33628.03125
3049,13665.5732421875
3050,31019.40625
3051,13112.6005859375
3052,33619.59375
3053,33628.0625
3054,33625.8828125
3055,33622.00390625
3056,33623.11328125
3057,15155.4794921875
3058,33614.6875
3059,33618.0859375
3060,33629.58203125
3061,33619.2109375
3062,14999.3076171875
3063,33624.9609375
3064,33626.234375
3065,2537.078369140625
3066,33555.3359375
3067,33621.95703125
3068,33623.1015625
3069,27208.185546875
3070,33628.07421875
3071,4099.57421875
3072,2505.50146484375
3073,33625.9453125
3074,33581.828125
3075,33616.40625
3076,17561.53125
3077,6411.82373046875
3078,33620.9375
3079,14426.7548828125
3080,9544.9775390625
3081,33626.16796875
3082,33621.50390625
3083,33628.87109375
3084,33627.08984375
3085,14593.388671875
3086,33277.23046875
3087,33620.97265625
3088,33616.7265625
3089,33617.1875
3090,33610.5703125
3091,2537.43310546875
3092,3863.37744140625
3093,33627.49609375
3094,33630.1796875
3095,30875.828125
3096,33602.7109375
3097,33621.6015625
3098,32965.609375
3099,18887.37109375
3100,33492.4765625
3101,4882.69580078125
3102,33620.796875
3103,3228.30712890625
3104,33615.40234375
3105,33619.44921875
3106,33629.6171875
3107,33618.796875
3108,16828.8359375
3109,33617.2265625
3110,33629.953125
3111,33620.0625
3112,33580.0
3113,33618.4609375
3114,33619.87109375
3115,33622.31640625
3116,15909.951171875
3117,33621.3203125
3118,33620.2265625
3119,33616.62890625
3120,33621.22265625
3121,33617.8046875
3122,33619.8359375
3123,2673.53076171875
3124,33619.76171875
3125,33618.41015625
3126,33628.8515625
3127,29241.65234375
3128,33629.24609375
3129,14146.626953125
3130,33629.7265625
3131,33624.1640625
3132,33620.10546875
3133,7634.9384765625
3134,33620.3125
3135,33621.42578125
3136,2753.352783203125
3137,33629.0625
3138,33618.1015625
3139,33628.9296875
3140,7460.3359375
3141,33628.6953125
3142,33588.26171875
3143,5082.9580078125
3144,4629.42236328125
3145,33615.4296875
3146,33625.453125
3147,33620.16015625
3148,2501.40771484375
3149,33628.890625
3150,33621.703125
3151,33628.87109375
3152,33628.14453125
3153,33607.8359375
3154,13182.37109375
3155,16775.81640625
3156,33630.47265625
3157,33624.5703125
3158,33405.2109375
3159,32097.9765625
3160,33622.8046875
3161,14860.9951171875
3162,33616.27734375
3163,33621.1640625
3164,33628.19921875
3165,3741.034912109375
3166,33606.30078125
3167,33283.40234375
3168,33464.5078125
3169,33621.015625
3170,33630.1953125
3171,33630.52734375
3172,33620.87109375
3173,33620.90234375
3174,33607.89453125
3175,3814.947509765625
3176,17565.779296875
3177,14851.966796875
3178,33619.140625
3179,31203.3046875
3180,17391.59765625
3181,33617.296875
3182,15390.99609375
3183,33629.4140625
3184,33621.42578125
3185,33619.45703125
3186,6028.82958984375
3187,20717.97265625
3188,33621.5078125
3189,2884.134765625
3190,2714.669921875
3191,33620.359375
3192,33621.26171875
3193,33618.0078125
3194,3081.80078125
3195,33630.265625
3196,33621.03125
3197,33618.8671875
3198,2771.799560546875
3199,15111.26171875
3200,13972.7841796875
3201,33627.32421875
3202,25002.39453125
3203,33469.89453125
3204,33621.1171875
3205,3739.610107421875
3206,2966.10986328125
3207,3142.673828125
3208,33454.7890625
3209,6319.60546875
3210,33620.54296875
3211,11681.8193359375
3212,3739.556640625
3213,17597.12109375
3214,33619.24609375
3215,16387.876953125
3216,33621.1328125
3217,33614.72265625
3218,15843.9404296875
3219,10443.0732421875
3220,33626.27734375
3221,3629.94921875
3222,33624.8125
3223,33618.33984375
3224,30666.51171875
3225,33629.0
3226,12036.46484375
3227,33629.4921875
3228,33627.015625
3229,27116.640625
3230,33621.15625
3231,25899.48046875
3232,33623.28125
3233,25069.6875
3234,2751.864990234375
3235,33568.73828125
3236,33625.015625
3237,33620.1640625
3238,33628.88671875
3239,33620.82421875
3240,13483.0166015625
3241,33575.51953125
3242,33610.609375
3243,33618.9296875
3244,33623.15625
3245,33512.1015625
3246,2967.6630859375
3247,12714.3466796875
3248,33618.4453125
3249,14049.009765625
3250,33619.1640625
3251,2939.09326171875
3252,33621.75
3253,33616.73046875
3254,3712.642578125
3255,2527.8505859375
3256,33629.51953125
3257,33617.8515625
3258,33628.4453125
3259,2523.0
3260,16153.6591796875
3261,33628.5078125
3262,3204.079345703125
3263,33629.8046875
3264,33622.4296875
3265,33620.24609375
3266,33619.49609375
3267,33610.71875
3268,5514.24169921875
3269,16511.23828125
3270,33565.05859375
3271,33552.765625
3272,33595.5078125
3273,33629.296875
3274,33304.95703125
3275,15226.9150390625
3276,13460.7744140625
3277,2916.177490234375
3278,33568.609375
3279,33618.09375
3280,33617.73046875
3281,3323.566650390625
3282,33620.6171875
3283,33615.75390625
3284,33623.0
3285,9916.6943359375
3286,33629.015625
3287,3129.167724609375
3288,2523.10205078125
3289,33618.375
3290,3849.451171875
3291,33628.5859375
3292,13098.1640625
3293,3494.7734375
3294,3795.9208984375
3295,33627.703125
3296,33619.1875
3297,15063.3095703125
3298,2518.106201171875
3299,33481.6328125
3300,33613.53125
3301,2603.759033203125
3302,11371.298828125
3303,33473.93359375
3304,33630.3671875
3305,33621.25
3306,33623.85546875
3307,33618.6171875
3308,12988.4755859375
3309,2933.12109375
3310,33518.6953125
3311,33621.328125
3312,33600.453125
3313,33619.3828125
3314,33618.05859375
3315,33580.94140625
3316,25042.75
3317,4500.39453125
3318,10958.9208984375
3319,2792.120849609375
3320,17188.01953125
3321,33622.5859375
3322,14708.1904296875
3323,33620.31640625
3324,3074.60791015625
3325,33628.12890625
3326,33627.77734375
3327,33628.1015625
3328,33627.53125
3329,33627.5234375
3330,33628.83984375
3331,33629.58203125
3332,33628.6484375
3333,33629.0
3334,33627.97265625
3335,33628.71875
3336,33623.8671875
3337,33627.546875
3338,33629.03515625
3339,33628.65234375
3340,33628.3828125
3341,33628.34375
3342,33628.3046875
3343,33629.296875
3344,33629.90625
3345,33628.6015625
3346,33628.671875
3347,33629.14453125
3348,33628.2265625
3349,33627.9140625
3350,33628.64453125
3351,33628.47265625
3352,33629.39453125
3353,33628.53515625
3354,33628.17578125
3355,33628.3515625
3356,33628.875
3357,33628.9609375
3358,33628.64453125
3359,33627.2109375
3360,33590.859375
3361,33588.578125
3362,33449.3359375
3363,33628.42578125
3364,33578.34375
3365,33618.69140625
3366,33629.9296875
3367,33625.3203125
3368,33393.4921875
3369,13141.8486328125
3370,33624.61328125
3371,33605.80078125
3372,33619.34375
3373,33629.6328125
3374,12322.3076171875
3375,33623.671875
3376,14361.8408203125
3377,33622.25390625
3378,21840.146484375
3379,33629.265625
3380,33629.8046875
3381,18649.259765625
3382,24484.541015625
3383,16318.5087890625
3384,16784.51953125
3385,16618.591796875
3386,33629.9296875
3387,11840.4404296875
3388,17046.65625
3389,33629.29296875
3390,23890.3046875
3391,26777.119140625
3392,16356.04296875
3393,14593.6220703125
3394,15951.3271484375
3395,33617.41015625
3396,14278.2890625
3397,28199.70703125
3398,14912.3779296875
3399,16873.337890625
3400,33629.71875
3401,17316.9375
